slug,provider,offer,actionButtons,toolType,tag,price,planName,planType,description,starred
aa-bundler,,!offer:aa-bundler,,,,,,,,
abi-parser,,!offer:abi-parser,,,,,,,,
agent-kit,,!offer:agent-kit,,,,,,,,
alchemy-bundler-free,,!offer:alchemy-bundler-free,,,,,,,,
alchemy-bundler-pay-as-you-go,,!offer:alchemy-bundler-pay-as-you-go,,,,,,,,
alchemy-gas-manager-free,,!offer:alchemy-gas-manager-free,,,,,,,,
alchemy-gas-manager-pay-as-you-go,,!offer:alchemy-gas-manager-pay-as-you-go,,,,,,,,
alchemy-smart-wallet-free,,!offer:alchemy-smart-wallet-free,,,,,,,,
alchemy-smart-wallet-pay-as-you-go,,!offer:alchemy-smart-wallet-pay-as-you-go,,,,,,,,
alchemy-transaction-free,,!offer:alchemy-transaction-free,,,,,,,,
alchemy-transaction-pay-as-you-go,,!offer:alchemy-transaction-pay-as-you-go,,,,,,,,
ape-worx-evm-trace,,!offer:ape-worx-evm-trace,,,,,,,,
arka-developer,,!offer:arka-developer,,,,,,,,
arka-free,,!offer:arka-free,,,,,,,,
arka-scale,,!offer:arka-scale,,,,,,,,
arka-startup,,!offer:arka-startup,,,,,,,,
block-bucket-pay-as-you-go,,!offer:block-bucket-pay-as-you-go,,,,,,,,
build-bear-developer,,!offer:build-bear-developer,,,,,,,,
build-bear-explorer,,!offer:build-bear-explorer,,,,,,,,
build-bear-team,,!offer:build-bear-team,,,,,,,,
chain-ide,,!offer:chain-ide,,,,,,,,
chainlink-ccip,,!offer:chainlink-ccip,,,,,,,,
codeslaw,,!offer:codeslaw,,,,,,,,
create-eth-app,,!offer:create-eth-app,,,,,,,,
curvegrid-free,,!offer:curvegrid-free,,,,,,,,
dapp-launchpad,,!offer:dapp-launchpad,,,,,,,,
dapprovals-basic,,!offer:dapprovals-basic,,,,,,,,
dapprovals-standard,,!offer:dapprovals-standard,,,,,,,,
ethereum-etl,,!offer:ethereum-etl,,,,,,,,
ethui,,!offer:ethui,,,,,,,,
evm-2,,!offer:evm-2,,,,,,,,
evmdis,,!offer:evmdis,,,,,,,,
forge,,!offer:forge,,,,,,,,
gas-station-network,,!offer:gas-station-network,,,,,,,,
hela,,!offer:hela,,,,,,,,
hokusai,,!offer:hokusai,,,,,,,,
intellij-solidity-plugin,,!offer:intellij-solidity-plugin,,,,,,,,
jeb-decompiler,,!offer:jeb-decompiler,,,,,,,,
kevm,,!offer:kevm,,,,,,,,
maian,,!offer:maian,,,,,,,,
mosaia-explorer,,!offer:mosaia-explorer,,,,,,,,
mosaia-pro,,!offer:mosaia-pro,,,,,,,,
multicall3,,!offer:multicall3,,,,,,,,
remix,,!offer:remix,,,,,,,,
reown-free,,!offer:reown-free,,,,,,,,
reown-pro,,!offer:reown-pro,,,,,,,,
robot-framework-solidity-testing-toolkit,,!offer:robot-framework-solidity-testing-toolkit,,,,,,,,
rust-ethereum-abi,,!offer:rust-ethereum-abi,,,,,,,,
scaffold-eth,,!offer:scaffold-eth,,,,,,,,
type-chain,,!offer:type-chain,,,,,,,,
