slug,provider,offer,actionButtons,toolType,tag,price,planType,planName,description,starred
aa-bundler,,!offer:aa-bundler,,,,,,,,
aarc,,!offer:aarc,,,,,,,,
alchemy-bundler-free,,!offer:alchemy-bundler-free,,,,,,,,
alchemy-bundler-pay-as-you-go,,!offer:alchemy-bundler-pay-as-you-go,,,,,,,,
alchemy-gas-manager-free,,!offer:alchemy-gas-manager-free,,,,,,,,
alchemy-gas-manager-pay-as-you-go,,!offer:alchemy-gas-manager-pay-as-you-go,,,,,,,,
alchemy-smart-wallet-free,,!offer:alchemy-smart-wallet-free,,,,,,,,
alchemy-smart-wallet-pay-as-you-go,,!offer:alchemy-smart-wallet-pay-as-you-go,,,,,,,,
alchemy-transaction-free,,!offer:alchemy-transaction-free,,,,,,,,
alchemy-transaction-pay-as-you-go,,!offer:alchemy-transaction-pay-as-you-go,,,,,,,,
ape-worx-evm-trace,,!offer:ape-worx-evm-trace,,,,,,,,
arka-developer,,!offer:arka-developer,,,,,,,,
arka-free,,!offer:arka-free,,,,,,,,
arka-scale,,!offer:arka-scale,,,,,,,,
arka-startup,,!offer:arka-startup,,,,,,,,
build-bear-developer,,!offer:build-bear-developer,,,,,,,,
build-bear-explorer,,!offer:build-bear-explorer,,,,,,,,
build-bear-team,,!offer:build-bear-team,,,,,,,,
mosaia-explorer,,!offer:mosaia-explorer,,,,,,,,
mosaia-pro,,!offer:mosaia-pro,,,,,,,,
stackup-free,,!offer:stackup-free,,,,,,,,
stackup-pro,,!offer:stackup-pro,,,,,,,,
type-chain,,!offer:type-chain,,,,,,,,
zero-dev-developer,,!offer:zero-dev-developer,,,,,,,,
zero-dev-growth,,!offer:zero-dev-growth,,,,,,,,
zero-dev-scale,,!offer:zero-dev-scale,,,,,,,,
